-- INSERINDO ESTAÇÕES
INSERT INTO ESTACAO (ID_ESTACAO, NOME, LOCALIZACAO) VALUES (1, 'Estação Rio Claro', 'Rio Claro - SP');
INSERT INTO ESTACAO (ID_ESTACAO, NOME, LOCALIZACAO) VALUES (2, 'Estação Florianópolis', 'Florianópolis - SC');
INSERT INTO ESTACAO (ID_ESTACAO, NOME, LOCALIZACAO) VALUES (3, 'Estação Recife', 'Recife - PE');

-- INSERINDO SENSORES (relacionados às estações)
INSERT INTO SENSOR (ID_SENSOR, TIPO, ID_ESTACAO) VALUES (1, 'Temperatura', 1);
INSERT INTO SENSOR (ID_SENSOR, TIPO, ID_ESTACAO) VALUES (2, 'Umidade', 1);
INSERT INTO SENSOR (ID_SENSOR, TIPO, ID_ESTACAO) VALUES (3, 'Chuva', 2);
INSERT INTO SENSOR (ID_SENSOR, TIPO, ID_ESTACAO) VALUES (4, 'Pressão', 2);
INSERT INTO SENSOR (ID_SENSOR, TIPO, ID_ESTACAO) VALUES (5, 'Inclinação do Solo', 3);

-- INSERINDO LEITURAS (relacionadas aos sensores)
INSERT INTO LEITURA (ID_LEITURA, VALOR, DATA_HORA, ID_SENSOR) VALUES (1, 28.5, TO_TIMESTAMP('2025-05-25 14:00:00', 'YYYY-MM-DD HH24:MI:SS'), 1);
INSERT INTO LEITURA (ID_LEITURA, VALOR, DATA_HORA, ID_SENSOR) VALUES (2, 65.2, TO_TIMESTAMP('2025-05-25 14:05:00', 'YYYY-MM-DD HH24:MI:SS'), 2);
INSERT INTO LEITURA (ID_LEITURA, VALOR, DATA_HORA, ID_SENSOR) VALUES (3, 12.7, TO_TIMESTAMP('2025-05-25 14:10:00', 'YYYY-MM-DD HH24:MI:SS'), 3);
INSERT INTO LEITURA (ID_LEITURA, VALOR, DATA_HORA, ID_SENSOR) VALUES (4, 1013.8, TO_TIMESTAMP('2025-05-25 14:15:00', 'YYYY-MM-DD HH24:MI:SS'), 4);
INSERT INTO LEITURA (ID_LEITURA, VALOR, DATA_HORA, ID_SENSOR) VALUES (5, 1.2, TO_TIMESTAMP('2025-05-25 14:20:00', 'YYYY-MM-DD HH24:MI:SS'), 5);

INSERT INTO TB_USUARIO (id, email, senha) VALUES (1, 'admin@safe.com', '{noop}123456');
